2,I'm quite tempted to do so for all of Magnus Chase ,Magnus Chase
2,"Magnus Chase and the Gods of Asgard, Book 1",Magnus Chase
2,https://t.co/kcUBlz7uQk https://t.co/BYAI4IOKVf ,Magnus Chase
2,Me ha llegado Magnus Chase and the Gods of Asgard: The Sword of Summer en tapa dura y estoy chillando ???? ,Magnus Chase
4,Rereading Magnus Chase and I still think it's as awesome as the first time. How can I bee as good writer as you @camphalfblood ? ,Magnus Chase
4,I'm off to an amazing adventure. ?? Current read: Magnus Chase and the Gods of Asgard: The Sword of Summer ,Magnus Chase
2,"RT @MsArdychan: My review of @camphalfblood Magnus Chase is now up on my blog: https://t.co/FGR8qBYv4Y #bookreview Fun, Fun, Fun! ",Magnus Chase
4,idc about the butt-in lines anymore I wanna read magnus chase my lines are tOO LONG ,Magnus Chase
4,"My review of @camphalfblood Magnus Chase is now up on my blog: https://t.co/FGR8qBYv4Y #bookreview Fun, Fun, Fun! ",Magnus Chase
4,Magnus Chase and the Gods of Asgard. (y) ,Magnus Chase
2,The ONLY reason why John bought Magnus Chase was to show it to Ange and I'm like what ,Magnus Chase
4,"He turned around, quite surprised by @HeLuvesWill's sudden appearance.",Magnus Chase
2,"Magnus Chase, Son of Frey. ",Magnus Chase
4,I want the Magnus Chase book huhu ,Magnus Chase
2,A pen sword. That is the stupidest thing I've ever heard. ,Magnus Chase
2,ay magnus chase lagot ka sa boyfriend kan pinsan mo haha ,Magnus Chase
4,though reading magnus chase is very very tempting I need to keep memorizing my lines frick naman oh bea ,Magnus Chase
4,?????????????? thanks @camphalfblood you've ruined my life I'm going to quietly read my tear stained copy of Magnus Chase in the corner now ?????????????? ,Magnus Chase
2,"[BUKU BARU] Magnus Chase &amp; The Gods of Asgard • @camphalfblood • Harga Rp 96.000,- • https://t.co/I5LQ17DLZF • https://t.co/KRUML60exQ ",Magnus Chase
2,"So many great new titles are being published this fall!  From the newest (""Magnus Chase and the Sword of Summer"")... https://t.co/Kd9ugWouOd ",Magnus Chase
4,RT @EricBeckerman: It never truly feels like October until I've got the new @camphalfblood book in my hands ?? Can't wait to start reading M… ,Magnus Chase
4,"76% done with Magnus Chase and the Sword of Summer, by Rick Riordan https://t.co/Mkk6GFmrZN ",Magnus Chase
4,A copy of magnus chase would be PERFECT ??? ,Magnus Chase
4,Hoping to buy Magnus Chase and Isla and the Happily Ever After tomorrow! ,Magnus Chase
2,should i read swagnus chase....i mean magnus chase? ,Magnus Chase
4,I want to read Magnus Chase! ?? ,Magnus Chase
2,RT @GRAMEDIA_PEMUDA: @AlvinaNaarah MAGNUS CHASE AND THE GODS OF ASGARD 1 THE SWORD OF SUMMER ready stock harga 96rb. Trims ,Magnus Chase
2,RT @aila_1woaa: Book Review: The Sword of Summer by Rick Riordan (Magnus Chase and the Gods of Asgard #1) https://t.co/9jFGUXwse2 https://t… ,Magnus Chase
2,No magnus chase book and no pewdiepie book. ?? ,Magnus Chase
2,@AlvinaNaarah MAGNUS CHASE AND THE GODS OF ASGARD 1 THE SWORD OF SUMMER ready stock harga 96rb. Trims ,Magnus Chase
2,#INFOBUKU - Magnus Chase and the Gods of Asgard #1 : The Sword of Summer Harga Rp 81.600&gt;&gt;&gt; https://t.co/UolGVfYsxB https://t.co/5oMBdxXqYu ,Magnus Chase
4,FINALLY GOT MAGNUS CHASE SO READY ,Magnus Chase
4,"Apparently, my plan for this afternoon is to start reading Magnus Chase. But mishaps really do happen. So. Well. Maybe next time (again) ",Magnus Chase
2,Magnus Chase &amp; the Sword of Summer Book Review https://t.co/VSYIK94Unm on @bloglovin ,Magnus Chase
2,RT @aila_1woaa: Book Review: The Sword of Summer by Rick Riordan (Magnus Chase and the Gods of Asgard #1) https://t.co/9jFGUXwse2 https://t… ,Magnus Chase
2,Book Review: The Sword of Summer by Rick Riordan (Magnus Chase and the Gods of Asgard #1) https://t.co/9jFGUXwse2 https://t.co/PKnsZvOv1P ,Magnus Chase
2,Magnus Chase &amp; the Sword of Summer Book Review https://t.co/VGgUVOovVz ,Magnus Chase
4,Magnus chase im will read you soon ,Magnus Chase
2,• Magnus Chase and the Gods of Asgard •,Magnus Chase
2,#TheSwordOfSummer by Rick Riordan.,Magnus Chase
2,#MagnusChase… https://t.co/jgCNQQILvT ,Magnus Chase
4,y'all need to read magnus chase huehue ,Magnus Chase
4,my cousin brought his magnus chase copy (!!!) https://t.co/9sap5Mfauy ,Magnus Chase
2,Book Review: Magnus Chase and the Gods of Asgard: Sword of Summer https://t.co/uUDOBzszFh ,Magnus Chase
4,"This cover art is really cool. Also, Magnus Chase (I assume) is giving me some serious Kurt Cobain vibes right now. ",Magnus Chase
4,Just finished Magnus Chase: The Sword of Summer.,Magnus Chase
4,Rick Riordan does it again. ,Magnus Chase
4,need cash for magnus chase pls pls ,Magnus Chase
4,"@CassJayTuck i really hope Magnus Chase is in that list, i miss you cassy ",Magnus Chase
4,magnus chase is so sassy ,Magnus Chase
4,@nicodiangelone and a year-long supply of Magnus Chase ,Magnus Chase
4,@camphalfblood I love Magnus Chase: The Sword of Summer I can't stop reading it ,Magnus Chase
0,I HAVEN'T BOUGHT MAGNUS CHASE YET BECAUSE IT'S TOO EXPENSIVE IM SO EMO. ,Magnus Chase
4,JAY DID YOU KNOW RICK JUST RELEASED A BOOK TITLED MAGNUS CHASE AND. ANNABETH. IS. INCLUDED. IN. IT. @FRAISB0I ,Magnus Chase
2,@camphalfblood The next series after your done with magnus chase it would be cool if you did galic mythology ,Magnus Chase
2,RT @ArticleLife: Magnus Chase and the Gods of Asgard: Sword of Summer by Rick Riordan ? review - @Guardian https://t.co/BX6r5pwcNl ,Magnus Chase
4,"Dear @camphalfblood , Magnus Chase was brilliant and fantastic. Rekindling that love for your stories. You're an absolute genius, thank you. ",Magnus Chase
2,@viria13 did you know that Rick Riordan used your art in his Magnus Chase presentations? ,Magnus Chase
4,"@jojotastic YA - ANYTHING by @claudiagray and @RickRiordanPH - specifically Lost Stars and Magnus Chase, respectively. Red Queen was good. ",Magnus Chase
4,What order should I read my books tho. Probably Magnus chase first cause there's no series to finish?? ,Magnus Chase
4,I finished reading Magnus Chase: the sword of summer....only 12 months until the next book comes out ?? ,Magnus Chase
4,Bookstore has buy one get one half price so I guess I'm getting the Raven boys and Magnus chase. ,Magnus Chase
4,"On page 148 of 512 of Magnus Chase and the Gods of Asgard, Book 1 The, by Rick Riordan https://t.co/paz2V9NgYr ",Magnus Chase
4,I should go to bed but I keep wanting to read more of Magnus Chase. #addicted #its3am ,Magnus Chase
2,I might buy a book today but idk what. Is trc worth me getting into? Or should I get Magnus chase or one of the sp books I don't own?? Help. ,Magnus Chase
2,We have your exclusive look at Magnus Chase by @camphalfblood! Read it now and enter to win a free copy! #ad https://t.co/6ItMb5QM3S ,Magnus Chase
2,I HOPE TO THE GODS MAGNUS CHASE DOESNT GET SOLD OUT JUST YET PLEASE GOD PLEASE JESUS PLEASE ZEUS HADES POSEIDON HEPHAESTUS ,Magnus Chase
4,AAAAAH I NEED TO BUY MAGNUS CHASE ,Magnus Chase
2,so...my magnus chase reading wasnt get any progress because i kept coming back to boo's solangelo chapter and or solangelo fanfic on ao3 -.- ,Magnus Chase
2,should i read magnus chase ,Magnus Chase
4,"RT @VeryVictoriaish: Ohoho, I'm loving Loki in Magnus Chase. Seriously, this guy is fascinating! ",Magnus Chase
2,Who is Ready for the next Series from Rick Riordan: Magnus Chase - via @SBellasWays https://t.co/Y2vwZbtcAd ,Magnus Chase
4,"Ohoho, I'm loving Loki in Magnus Chase. Seriously, this guy is fascinating! ",Magnus Chase
2,RT @Chaaannd: Thank you @bukabuku Magnus Chase dan Unravel Me-nya sudah sampai :) https://t.co/hq1wgaRMmA ,Magnus Chase
2,I liked a @YouTube video from @magicalmolly https://t.co/nqucezTxsx Magnus Chase and the Gods of Asgard: The Sword of Summer Book Talk ,Magnus Chase
4,"@RegalSeidr --wish.  As for who I am..I am Magnus Chase, Son of Freyr, Einjerji. A member of Valhalla."" ",Magnus Chase
4,Done reading Magnus Chase ?? ,Magnus Chase
4,"@camphalfblood Also, I love Magnus Chase! It's so good! ",Magnus Chase
4,@camphalfblood I finished Magnus Chase yesterday and I just wanted to let you know that it was positively fantastic https://t.co/jTQBHYOYCJ ,Magnus Chase
4,@chaptersindigo just got this &amp; I realized that Magnus Chase looks like Kurt Cobain. Am I the only one who sees it?! https://t.co/IFudYPi5hZ ,Magnus Chase
2,I entered to win signed copies of #MagnusChase books from @camphalfblood and @nymediaworks! https://t.co/CbDz37sRVd ,Magnus Chase
4,Finally got Magnus Chase!!!!! I'll be up all night reading it!!! @camphalfblood https://t.co/lI1iROYl9D ,Magnus Chase
4,"Seriously, I thought of @camphalfblood 's Magnus Chase series... lol https://t.co/ZsChzhtpsD ",Magnus Chase
4,if you love me you will buy me the library of souls and magnus chase ,Magnus Chase
2,I entered to win signed copies of #MagnusChase books from @camphalfblood and @nymediaworks! https://t.co/jWYZpmrDn8 ,Magnus Chase
4,I'm 21 chapters into Sword of Summer (Magnus Chase) and I love it so much ,Magnus Chase
4,RT @virgboecker: Something I think Rick Riordan forgot to mention: Magnus Chase is Kurt Cobain. https://t.co/wr8djxH5Rd ,Magnus Chase
2,RT @NYMediaWorks: #Giveaway: Enter 2 win a signed copy of @camphalfblood's #MagnusChase! https://t.co/lxxlniqQPc #kidlit #bookblogger https… ,Magnus Chase
4,RT @swiftie_muke: i'm gonna go chill with magnus chase then maybe sleep see y'all in about 5-6 hours' time #ARIAS5SOS #HeyEverybodyMusicVid… ,Magnus Chase
4,as I promised yesterday I would be spending today just to finish magnus chase and the gods of asgard @camphalfblood ,Magnus Chase
0,"Jesus! People, please, leave alone @camphalfblood, he's a great author. I don't care that his new series (Magnus Chase) has sons of gods too ",Magnus Chase
4,i just got out of my reading slump thx to magnus chase. i just want to finish it and move on to the next books because I WANNA READ EVRYTHNG ,Magnus Chase
2,"Magnus Chase and the Gods of Asgard, Book 1",Magnus Chase
2,https://t.co/CP5LrwL9Hr https://t.co/vh7qCbfC7r ,Magnus Chase
2," Read This Book https://t.co/tVKsbC5nJ6 #7333 #5: Future Crimes: Everything Is Connected, Everyone Is Vulnerable an… https://t.co/QTrdHsrfXQ ",Future Crimes - Mark Goodman
2, RT @LoucksKE Do the sins of the past predict the future? https://t.co/p1dWuxIoye  THE ROSE RED REAPER #AuthorRT #Kindle ,Future Crimes - Mark Goodman
2, From Crowdsourcing to Crime-sourcing: The Rise of Distributed Criminality | Big Think https://t.co/ZefaNaBfdj ,Future Crimes - Mark Goodman
0," @NorthernKitty69 How is that relevant, Would you be happy to take responsibility for any future crimes committed by refugees? #complicit ",Future Crimes - Mark Goodman
0," @RedHotSquirrel @pugwash1000 does that take into account any illnesses/pregnancies existing or future, any crimes they commit etc ",Future Crimes - Mark Goodman
0, Read This Book https://t.co/0BLHKVH2Cb #5899 #4: Future Crimes: How Our Radical Dependence on Technology Threatens… https://t.co/ExDz3BZ8Tj ,Future Crimes - Mark Goodman
0," If you have financial transactions on the Internet; Read ""Future Crimes"" and do what you can to defend yourself! November 22, 2015 at 04:01… ",Future Crimes - Mark Goodman
2," Read this book https://t.co/ygNTcXHFhc #3643 #5: Future Crimes: Everything Is Connected, Everyone Is Vulnerable an… https://t.co/uadKb1vCvN ",Future Crimes - Mark Goodman
2, RT @Jcock732: I own pictures of me at the Grand Canyon holding newspapers with dates from today through 1/7/2060 as potential alibis for fu… ,Future Crimes - Mark Goodman
2, RT ClearGrip AudiobooksToday: FUTURE CRIMES https://t.co/NaaANsurUZ #MinorityReport #InternetOfThings #healthcare #Bigdata #buzzfeedmed #S… ,Future Crimes - Mark Goodman
2, RT AudiobooksToday FUTURE CRIMES https://t.co/NaaANsurUZ #MinorityReport #InternetOfThings #healthcare #Bigdata #buzzfeedmed #ScienceABook… ,Future Crimes - Mark Goodman
2, AudiobooksToday: FUTURE CRIMES https://t.co/UFdOGZ6GvY #MinorityReport #InternetOfThings #healthcare #Bigdata #buzzfeedmed #ScienceABook #… ,Future Crimes - Mark Goodman
2, RT AudiobooksToday FUTURE CRIMES https://t.co/8wLCwSPsZk #MinorityReport #InternetOfThings #healthcare #Bigdata #buzzfeedmed #ScienceABook… ,Future Crimes - Mark Goodman
2, RT @capitaljizzm: you can buy my book of temporary tattoos for future teens engaged in a mall heist here!!!! https://t.co/iuqt3ZwwrC ,Future Crimes - Mark Goodman
0, A full critic review at https://t.co/RHmwEB3geN and reader reviews at https://t.co/Ue7dc5GCnm ,Future Crimes - Mark Goodman
2, joegwapz My goofy boyfriend/bestfriend in all crimes/favorite frenemy/comforter/other half and future… https://t.co/NM2UN7QncJ ,Future Crimes - Mark Goodman
2," Introducing Future Crimes, a new book by Marc Goodman https://t.co/9J4ITrUKZz ",Future Crimes - Mark Goodman
2," Future Crimes: Everything Is Connected, Everyone Is Vulnerable and What We Can Do About It https://t.co/cjQmVvIHSM ",Future Crimes - Mark Goodman
2, .@Frost_Sullivan states offenses of cyber crimes may become more common in the near future https://t.co/bD2OkveNUh https://t.co/mOJ4zII3sL ,Future Crimes - Mark Goodman
0, @telesurenglish We dare u ... The world would be happy to know.Less money lower eco. higher crimes that will be the future if he not change ,Future Crimes - Mark Goodman
2, Hello 911 I sat near someone having a loud phone conversation on the bus and I have information pertaining 1000 crimes past and future ,Future Crimes - Mark Goodman
2," @JCM21 Maybe Papelbon is a part of the ""Future Crimes Division"" and was doing us all a solid in advance? #MinorityReport ",Future Crimes - Mark Goodman
2," Read This Book https://t.co/S3Xp3blPTj #3895 #5: Future Crimes: Everything Is Connected, Everyone Is Vulnerable an… https://t.co/55xIABiPvy ",Future Crimes - Mark Goodman
2, War crimes hangings: Is Hasina Wajid clearing the way for future elections?,Future Crimes - Mark Goodman
2,https://t.co/YWXRMyMCyq https://t.co/apf73vU2XV ,Future Crimes - Mark Goodman
2, War crimes hangings: Is Hasina Wajid clearing the way for future elections?,Future Crimes - Mark Goodman
2,https://t.co/YWXRMyMCyq https://t.co/cRi3Xk4dUr ,Future Crimes - Mark Goodman
2, .@Frost_Sullivan states offenses of cyber crimes may become more common in the near future https://t.co/EuDOomhn42 https://t.co/MNxfZUyrdv ,Future Crimes - Mark Goodman
4," If you have financial transactions on the Internet; Read ""Future Crimes"" and do what you can to defend yourself! November 21, 2015 at 04:02… ",Future Crimes - Mark Goodman
2, The perpetrators of these heinous crimes must be brought to justice &amp; measures must be put in place to stop such tragedies in the future 2/2 ,Future Crimes - Mark Goodman
2, If America pays its debt and recognizes its crimes against humanity...a future of unification is not impossible.. #ShiningALight ,Future Crimes - Mark Goodman
2, RT @capitaljizzm: you can buy my book of temporary tattoos for future teens engaged in a mall heist here!!!! https://t.co/iuqt3ZwwrC ,Future Crimes - Mark Goodman
2, RT @capitaljizzm: you can buy my book of temporary tattoos for future teens engaged in a mall heist here!!!! https://t.co/iuqt3ZwwrC ,Future Crimes - Mark Goodman
2, you can buy my book of temporary tattoos for future teens engaged in a mall heist here!!!! https://t.co/iuqt3ZwwrC ,Future Crimes - Mark Goodman
0," Doomed for all time. Your future is a horror story, written by your crimes. Your chains are forged, by what you say and do. ",Future Crimes - Mark Goodman
4," I Finished Future Crimes: Everything Is Connected, Everyone Is Vulnerable &amp; What We Can Do About It https://t.co/Vu9pZPNjbV ",Future Crimes - Mark Goodman
2," #TransDayOfRemembrance may be about work toward a safer future, w/o hate crimes. Today I miss @noirinp even more. They'd have words. ?? ",Future Crimes - Mark Goodman
4," startup124: RT: https://t.co/eJXDsTQ5db Reading Future Crimes right now, Marc Goodman really puts  #IoT technologies into perspective!  Gr… ",Future Crimes - Mark Goodman
4," RT: https://t.co/SkJ6ReWyCu Reading Future Crimes right now, Marc Goodman really puts  #IoT technologies into perspective!  Great book for… ",Future Crimes - Mark Goodman
4," Reading Future Crimes right now, Marc Goodman really puts  #IoT technologies into perspective!  Great book for #CyberSecurity #students . ",Future Crimes - Mark Goodman
2," @BreitbartNews future Democrat voters, no doubt. These monsters' pictures should be used in commercials about the crimes of ""ANCHOR BABIES"" ",Future Crimes - Mark Goodman
0, RT @TEDxCUNY: 5000 people in the US indefinitely detained because the justice system thinks they might commit future crimes. @GalenBaughman… ,Future Crimes - Mark Goodman
2, Germany's return to killer coal is a crime against humanity. #Energiewende https://t.co/ndOFBZNMxB https://t.co/4lYQI37HeS ,Future Crimes - Mark Goodman
2, 5000 people in the US indefinitely detained because the justice system thinks they might commit future crimes. @GalenBaughman #TEDxCUNY2015 ,Future Crimes - Mark Goodman
2," @met_pc I think I'm the future that will be the case for many such crimes but I am just speculating. Threat, risk and harm considered. ",Future Crimes - Mark Goodman
2, Western Politicians are faced with decision of social unrest or a future trial for crimes against humanity. https://t.co/5tVkcZVeFC ,Future Crimes - Mark Goodman
2, honor those of us who died because of hate crimes or suicide and fight like hell for a better future for trans people #TransDayOfRemembrance ,Future Crimes - Mark Goodman
2, .@Frost_Sullivan states offenses of cyber crimes may become more common in the near future https://t.co/PEwbKCvThS https://t.co/m9ExVJRUaU ,Future Crimes - Mark Goodman
2, .@Frost_Sullivan states offenses of cyber crimes may become more common in the near future https://t.co/0pmYssefeS https://t.co/pXsVJkvqmG ,Future Crimes - Mark Goodman
2," Future Crimes: Everything Is Connected, Everyone Is Vulnerab https://t.co/iGcQPif7hY #InfoSec #CyberSecurity #Tech https://t.co/JuDMf0Jt0V ",Future Crimes - Mark Goodman
2," Future Crimes: Everything Is Connected, Everyone Is Vulnerab https://t.co/FqKQvvvzmf #InfoSec #CyberSecurity #Tech https://t.co/xYtW1sccx5 ",Future Crimes - Mark Goodman
2, RT @rifemag: A school only got funding for mental health services from the POLICE (not council) cos it would stop future crimes #YPFoI ,Future Crimes - Mark Goodman
2, Preparing for future crimes with a book-book https://t.co/Hy7J9OZTbe ,Future Crimes - Mark Goodman
2, Dover taxi driver Paul Barrett says lack of street lighting has led to car crimes https://t.co/cFe1V33RRa ,Future Crimes - Mark Goodman
0," Marc Goodman, FBI Futurist, on High-Tech Crime and How to Protect Yourself. https://t.co/Thm66f22A5 via @tferriss https://t.co/AKpK5THQZ6 ",Future Crimes - Mark Goodman
2," Future Crimes: Everything Is Connected, Everyone Is Vulnerable and What We Can Do About It https://t.co/hlibrBnZ5E ",Future Crimes - Mark Goodman
4," If you have financial transactions on the Internet; Read ""Future Crimes"" and do what you can to defend yourself! November 20, 2015 at 04:01… ",Future Crimes - Mark Goodman
2," RT @theraygun: Get on this, it's outstanding, @TimothyFairplay does JC… : ‘Crimes Of The Future Live - The John Carpenter Covers.’ https://… ",Future Crimes - Mark Goodman
2," @PetiteMistress They replied, ""Well uh yeah, &amp; that's why we need to keep the kids out, too!"" ",Future Crimes - Mark Goodman
2,Now we're fighting future crimes by kids. ,Future Crimes - Mark Goodman
4," Introducing Future Crimes, a new book by Marc Goodman https://t.co/yL3pw37lIu ",Future Crimes - Mark Goodman
2," RT @CyberDomain: Future Crimes: Everything Is Connected, Everyone Is Vulnerab https://t.co/yjTUux7p9V #InfoSec #CyberSecurity #Tech https:/… ",Future Crimes - Mark Goodman
2," RT @CyberToolsBooks: Future Crimes: Everything Is Connected, Everyone Is Vulnerab https://t.co/5OncQbMDjJ #InfoSec #CyberSecurity #Tech htt… ",Future Crimes - Mark Goodman
2," Future Crimes: Everything Is Connected, Everyone Is Vulnerab https://t.co/5OncQbMDjJ #InfoSec #CyberSecurity #Tech https://t.co/lx0gszZBlA ",Future Crimes - Mark Goodman
2," Future Crimes: Everything Is Connected, Everyone Is Vulnerab https://t.co/yjTUux7p9V #InfoSec #CyberSecurity #Tech https://t.co/ZpQzCQuftr ",Future Crimes - Mark Goodman
2," @brithume go figure, bnb crimes are the wave of the future. It's what Dems are running their election campaigns on. So they can vote ",Future Crimes - Mark Goodman
2, RT @ChristianPost: Over 4K Bibles Sent to Serbian Soldiers to Prevent Future War Crimes: https://t.co/OM5TLlLSID https://t.co/I6PYOBJPcN ,Future Crimes - Mark Goodman
2," RT @CyberDomain: Future Crimes: Everything Is Connected, Everyone Is Vulnerab https://t.co/yjTUux7p9V #InfoSec #CyberSecurity #Tech https:/… ",Future Crimes - Mark Goodman
2," RT @CyberDomain: Future Crimes: Everything Is Connected, Everyone Is Vulnerab https://t.co/yjTUux7p9V #InfoSec #CyberSecurity #Tech https:/… ",Future Crimes - Mark Goodman
2," RT @CyberDomain: Future Crimes: Everything Is Connected, Everyone Is Vulnerab https://t.co/yjTUux7p9V #InfoSec #CyberSecurity #Tech https:/… ",Future Crimes - Mark Goodman
2," RT @CyberDomain: Future Crimes: Everything Is Connected, Everyone Is Vulnerab https://t.co/yjTUux7p9V #InfoSec #CyberSecurity #Tech https:/… ",Future Crimes - Mark Goodman
4," I liked a @YouTube video from @bulletproofexec https://t.co/uWrscfuLcn Marc Goodman: Cyber Security, Transhumanism, &amp; Future Crimes - ",Future Crimes - Mark Goodman
2," RT @CyberDomain: Future Crimes: Everything Is Connected, Everyone Is Vulnerab https://t.co/yjTUux7p9V #InfoSec #CyberSecurity #Tech https:/… ",Future Crimes - Mark Goodman
2," Future Crimes: Everything Is Connected, Everyone Is Vulnerab https://t.co/5OncQbMDjJ #InfoSec #CyberSecurity #Tech https://t.co/xK13XfMWym ",Future Crimes - Mark Goodman
2," Future Crimes: Everything Is Connected, Everyone Is Vulnerab https://t.co/yjTUux7p9V #InfoSec #CyberSecurity #Tech https://t.co/gvoIATF6i3 ",Future Crimes - Mark Goodman
2," Future Crimes: Everything Is Connected, Everyone Is Vulnerab https://t.co/5OncQbMDjJ #InfoSec #CyberSecurity #Tech https://t.co/Vx9AEDIDIw ",Future Crimes - Mark Goodman
2," Future Crimes: Everything Is Connected, Everyone Is Vulnerab https://t.co/yjTUux7p9V #InfoSec #CyberSecurity #Tech https://t.co/Db1cLyACyP ",Future Crimes - Mark Goodman
2," Future Crimes: Everything Is Connected, Everyone Is Vulnerab https://t.co/iGcQPif7hY #InfoSec #CyberSecurity #Tech https://t.co/3dNHcTyeQN ",Future Crimes - Mark Goodman
2," Future Crimes: Everything Is Connected, Everyone Is Vulnerab https://t.co/FqKQvvvzmf #InfoSec #CyberSecurity #Tech https://t.co/mxwf11GKGi ",Future Crimes - Mark Goodman
2, ...used just to spy on emails to see how to win future elections.Nothing to do with protection and solve petty crimes.Torys use lies. #bbcqt ,Future Crimes - Mark Goodman
4," Among very worthy companions, the great Marc Goodman's FUTURE CRIMES is one of WaPo's 10 Best Books of the Year: https://t.co/AOBWIRB8Sg ",Future Crimes - Mark Goodman
2, @CuestionMarque yes absolutely was the outcome! Silence decent from future White Collar Crimes! ,Future Crimes - Mark Goodman
2," I guess #JaredFogle going to have at a footlong in his future 15 years in prison, for his gross and unspeakable crimes. ",Future Crimes - Mark Goodman
2, .@Frost_Sullivan states offenses of cyber crimes may become more common in the near future https://t.co/gkvqtyrFcE https://t.co/8SMVABE6tp ,Future Crimes - Mark Goodman
2," RT @ACmideast: Amb Rapp: one needs a strategy that focuses on cases against more serious actors, and those that will have most impact, dete… ",Future Crimes - Mark Goodman
0," Amb Rapp: one needs a strategy that focuses on cases against more serious actors, and those that will have most impact, deter future crimes ",Future Crimes - Mark Goodman
4," ""Between the World and Me,"" ""Future Crimes,"" ""A Little Life,"" and other books named best of 2015 by @washingtonpost: https://t.co/ZR4QOrZnYd ",Future Crimes - Mark Goodman
2, RT @LoucksKE Do the sins of the past predict the future? https://t.co/p1dWuxIoye  THE ROSE RED REAPER #AuthorRT #Kindle ,Future Crimes - Mark Goodman
2, @mtchikawa it would be wrong of any human to kill someone because of possible future crimes. ,Future Crimes - Mark Goodman
2, RT @MonsterbuddyAjx: #Taiji commits crimes against the #Oceans &amp; our #Future by killing entire pods of whales! #OpKillingBay https://t.co/A… ,Future Crimes - Mark Goodman
2, RT @MonsterbuddyAjx: #Taiji commits crimes against the #Oceans &amp; our #Future by killing entire pods of whales! #OpKillingBay https://t.co/A… ,Future Crimes - Mark Goodman
2, RT @TTylerMclean: Why Saudi Arabia prevent Un to investigate into its war crimes in Yemen,Future Crimes - Mark Goodman
2,#Saudi_Destroy_Yemen,Future Crimes - Mark Goodman
2, #batman #future #COK https… ,Future Crimes - Mark Goodman
2," @HillaryClinton In close robotic future, joblessnes and crimes will be a much more growing tragedy for whole globe ",Future Crimes - Mark Goodman
2," @Carole_Delisl ALL CRIMES OF EVIL SALMMAN WILL BE RECORDED FOR HISTORY,, ALSO WILL BE TEACHING AT SCHOOL FOR FUTURE GENERATION ",Future Crimes - Mark Goodman
2, RT @_lindsaymoore: #JaredFogle agrees to treatment for sexual disorders. This is assumed to prevent any future involvement in sex crimes. @… ,Future Crimes - Mark Goodman
2, #JaredFogle agrees to treatment for sexual disorders. This is assumed to prevent any future involvement in sex crimes. @idsnews ,Future Crimes - Mark Goodman
4," RT @singularityu: Huge congrats to our Policy, Law, &amp; Ethics chair Marc Goodman on his Amazon's Best Biz Book of 2015 @FutureCrimes! https:… ",Future Crimes - Mark Goodman
4," Introducing Future Crimes, a new book by Marc Goodman https://t.co/Wj0ul1xLZf ",Future Crimes - Mark Goodman
4," Marc Goodman’s Future Crimes covers Dark Net, Mal-NFC enabled heart/arm implants, Mal-IoT , grey goo…",Future Crimes - Mark Goodman
2, RT @MonsterbuddyAjx: #Taiji commits crimes against the #Oceans &amp; our #Future by killing entire pods of whales! #OpKillingBay https://t.co/A… ,Future Crimes - Mark Goodman
2, RT @MonsterbuddyAjx: #Taiji commits crimes against the #Oceans &amp; our #Future by killing entire pods of whales! #OpKillingBay https://t.co/A… ,Future Crimes - Mark Goodman
2, RT @MonsterbuddyAjx: #Taiji commits crimes against the #Oceans &amp; our #Future by killing entire pods of whales! #OpKillingBay https://t.co/A… ,Future Crimes - Mark Goodman
2, RT @MonsterbuddyAjx: #Taiji commits crimes against the #Oceans &amp; our #Future by killing entire pods of whales! #OpKillingBay https://t.co/A… ,Future Crimes - Mark Goodman
2, Anyone claiming that the mass murder in Syria has a place in future Syria other than behind bars is a partner in his crimes. @PutinRF_Eng ,Future Crimes - Mark Goodman
2, @_Omegon_ Mwa-ha! Plausible deniability for all future Omegon crimes! Huzzah! ,Future Crimes - Mark Goodman
2, RT @MonsterbuddyAjx: #Taiji commits crimes against the #Oceans &amp; our #Future by killing entire pods of whales! #OpKillingBay https://t.co/A… ,Future Crimes - Mark Goodman
2, #Taiji commits crimes against the #Oceans &amp; our #Future by killing entire pods of whales! #OpKillingBay https://t.co/ABFqaQZC4v ,Future Crimes - Mark Goodman
2, RT @zaria_30: Parents who raise their kids like this give me hope for a future free of religious hate crimes  https://t.co/ugjI73brio ,Future Crimes - Mark Goodman
4," If you have financial transactions on the Internet; Read ""Future Crimes"" and do what you can to defend yourself! November 19, 2015 at 04:02… ",Future Crimes - Mark Goodman
4, Parents who raise their kids like this give me hope for a future free of religious hate crimes  https://t.co/ugjI73brio ,Future Crimes - Mark Goodman
2," @ndtv @sruthijith I hope media will loose its shyness in using the word ""allegedly"" when reporting crimes in future ?? ",Future Crimes - Mark Goodman
2, RT @ConsumersKenya: #ShieldingWaiguru is one of the biggest crimes majority Kenyans are abetting and hurting future generations. Sad! https… ,Future Crimes - Mark Goodman
2, #ShieldingWaiguru is one of the biggest crimes majority Kenyans are abetting and hurting future generations. Sad! https://t.co/IwQhg5kC4F ,Future Crimes - Mark Goodman
0, @SpeakerRyan shameful. Now we are condemning people before they commit a crime. Wasn't there a movie about that very thing. Future crimes? ,Future Crimes - Mark Goodman
2, RT @Jcock732: I own pictures of me at the Grand Canyon holding newspapers with dates from today through 1/7/2060 as potential alibis for fu… ,Future Crimes - Mark Goodman
2, I own pictures of me at the Grand Canyon holding newspapers with dates from today through 1/7/2060 as potential alibis for future crimes ,Future Crimes - Mark Goodman
4," RT @nytimesbooks: If you aren't moved by ""Becoming Nicole,"" there might be ""a lump of dark matter where your heart should be."" https://t.co… ",Becoming Nicole
4, On becoming a true Chicagoan...what's a girl to do...IDONTBILIVIT...a Chicago...de Nicole Claude ,Becoming Nicole
4, RT @nprbooks: 'Becoming Nicole' Recounts One Family's Acceptance Of A Transgender Child https://t.co/ru6RI1WzHj ,Becoming Nicole
2, The more and more i am becoming accustomed to LA the more I am really enjoying it. There is just so much to do... https://t.co/f8cpopXBsH ,Becoming Nicole
2," RT @xychelsea: See my post on Medium today, ""My Thoughts on Becoming Nicole: The Transformation of an American Family,"" here: https://t.co/… ",Becoming Nicole
4," RT @amazonbooks: ""Becoming Nicole"" is one of our favorite books of the month &amp; the year. @amyellisnutt talks about writing it: https://t.co… ",Becoming Nicole
2," Becoming Nicole: The Transformation of an American Family: Amy Ellis Nutt: ?3,077 ? ?3,053 (13%OFF) https://t.co/AxBOpdSqT8 ",Becoming Nicole
2, RT @nprbooks: 'Becoming Nicole' Recounts One Family's Acceptance Of A Transgender Child https://t.co/ru6RI1WzHj ,Becoming Nicole
2, RT @nprbooks: 'Becoming Nicole' Recounts One Family's Acceptance Of A Transgender Child https://t.co/ru6RI1WzHj ,Becoming Nicole
2, RT @TumbIrsPosts: how close I am to dropping out of school and becoming a stripper http://t.co/3UaGZQ1O7E ,Becoming Nicole
2, 'Becoming Nicole' Recounts One Family's Acceptance Of A Transgender Child https://t.co/ru6RI1WzHj ,Becoming Nicole
2, RT @SaiIBoat: tbh i'm becoming more &amp; more aware of what's really worth my energy ,Becoming Nicole
2," RT @xychelsea: See my post on Medium today, ""My Thoughts on Becoming Nicole: The Transformation of an American Family,"" here: https://t.co/… ",Becoming Nicole
2," RT @sokogaliruj: 'Becoming Nicole': Born Identical Twin Boys, Now Brother and Sister; Sword Swallowing, The Ultimate 'Don't Try This At Hom… ",Becoming Nicole
4, RT @SaiIBoat: tbh i'm becoming more &amp; more aware of what's really worth my energy ,Becoming Nicole
2," RT @parentsproject: One trans girl, her twin brother, and her parents share their story on NPR. https://t.co/BMasrtpn45 ",Becoming Nicole
2," RT @parentsproject: One trans girl, her twin brother, and her parents share their story on NPR. https://t.co/BMasrtpn45 ",Becoming Nicole
2," One trans girl, her twin brother, and her parents share their story on NPR. https://t.co/BMasrtpn45 ",Becoming Nicole
4," RT @nytimesbooks: If you aren't moved by ""Becoming Nicole,"" there might be ""a lump of dark matter where your heart should be."" https://t.co… ",Becoming Nicole
2, 'Becoming Nicole' Recounts One Family's Acceptance Of Their #Transgender Child via @NPR https://t.co/engEakAi05 ,Becoming Nicole
4," Great to see books on #gender transition reviewed in depth, well done @nytimes @JenSeniorNY #trans  #transhealth https://t.co/166KrLWcrn ",Becoming Nicole
4," RT @TheRealNoel2: @Nicole_Bexley Wow!  Just...wow!  Excellent work, I hope the first of many.  Quickly becoming one of my favorites! :) &lt;3 … ",Becoming Nicole
4," RT @nytimesbooks: If you aren't moved by ""Becoming Nicole,"" there might be ""a lump of dark matter where your heart should be."" https://t.co… ",Becoming Nicole
4," RT @nytimesbooks: If you aren't moved by ""Becoming Nicole,"" there might be ""a lump of dark matter where your heart should be."" https://t.co… ",Becoming Nicole
2, RT @DaysGeek: So happy Daniel isn't at the Deveraux family meeting about JJ becoming a cop. Sad to know he's somewhere kissing on Nicole. U… ,Becoming Nicole
2, So happy Daniel isn't at the Deveraux family meeting about JJ becoming a cop. Sad to know he's somewhere kissing on Nicole. UGH...#DAYS ,Becoming Nicole
2, RT @randomhouse: Read @amyellisnutt's interview with @Refinery29 about the family in BECOMING NICOLE.  https://t.co/7h3f8MiVw4 ,Becoming Nicole
2, RT @randomhouse: Read @amyellisnutt's interview with @Refinery29 about the family in BECOMING NICOLE.  https://t.co/7h3f8MiVw4 ,Becoming Nicole
4," Cool story, a book review: Review: ‘Becoming Nicole,’ a Young Boy’s Journey Into Girlhood",Becoming Nicole
2, RT @Re_Gender: Can't wait to see film about the Maines' family (@Re_Gender 2014 Trailblazers) and their fight for equity https://t.co/y4Eat… ,Becoming Nicole
2, Read @amyellisnutt's interview with @Refinery29 about the family in BECOMING NICOLE.  https://t.co/7h3f8MiVw4 ,Becoming Nicole
2, RT @SincerelyTumblr: it hurts so much when you can feel yourself becoming less and less important to the person who means the most to you ,Becoming Nicole
4," If you aren't moved by ""Becoming Nicole,"" there might be ""a lump of dark matter where your heart should be."" https://t.co/hBV4Stftjq ",Becoming Nicole
4, I love the Maines family. I love how they stood up for Nicole in court -- and won -- to the benefit of all trans... https://t.co/tOo2GARvxK ,Becoming Nicole
4, Excellent points - Why being a camp counsellor is great training for becoming a prime minister https://t.co/jcDLgMku8z ,Becoming Nicole
4," Well, today I kinda became a grandpa ??! Congrats to Destiny for becoming a momma, and Nicole for becoming a... https://t.co/TYukPI4W4W ",Becoming Nicole
4," If you aren't moved by ""Becoming Nicole,"" there might be ""a lump of dark matter where your heart should be."" https://t.co/zHnfsXLTlg ",Becoming Nicole
4," RT @nytimesbooks: If you aren't moved by ""Becoming Nicole,"" there might be ""a lump of dark matter where your heart should be."" https://t.co… ",Becoming Nicole
2, BECOMING NICOLE documents a family growing with their transgender child:,Becoming Nicole
2,https://t.co/JQb4YxNthe ,Becoming Nicole
4," RT @nytimesbooks: If you aren't moved by ""Becoming Nicole,"" there might be ""a lump of dark matter where your heart should be."" https://t.co… ",Becoming Nicole
2, RT @JUST_JEANIUS: This place is becoming that favorite t-shirt that you have that's getting worn out that you can't wear as much as you'd l… ,Becoming Nicole
4," RT @nytimesbooks: If you aren't moved by ""Becoming Nicole,"" there might be ""a lump of dark matter where your heart should be."" https://t.co… ",Becoming Nicole
4," @Nicole_Bexley Wow!  Just...wow!  Excellent work, I hope the first of many.  Quickly becoming one of my favorites! :) &lt;3 you! ",Becoming Nicole
2, ‘Becoming Nicole’: New book tells transgender child’s story https://t.co/cgt0eEOXfI ,Becoming Nicole
2," They were born identical twin boys, but one always felt he was a girl https://t.co/eVhOQtqFKr ",Becoming Nicole
4," RT @amazonbooks: ""Becoming Nicole"" is one of our favorite books of the month &amp; the year. @amyellisnutt talks about writing it: https://t.co… ",Becoming Nicole
2," 'Becoming Nicole': Born Identical Twin Boys, Now Brother and Sister; Sword Swallowing, The Ultimate 'Don't Try This At Home' ",Becoming Nicole
2," Books of The Times: Review: ‘Becoming Nicole,’ a Young Boy’s Journey Into Girlhood https://t.co/bkMt4LtEVE ",Becoming Nicole
2, Can't wait to see film about the Maines' family (@Re_Gender 2014 Trailblazers) and their fight for equity https://t.co/y4EatibOZ4 ,Becoming Nicole
2," RT @JenSeniorNY: Identical twin boys. At the age of two, one decides he's a girl. My review of ""Becoming Nicole"" for the NYT: https://t.co/… ",Becoming Nicole
4," https://t.co/sD7pjVEitt amazonbooks: ""Becoming Nicole"" is one of our favorite books of the month &amp;…  #amazon #deals https://t.co/kSfNwEeJg5 ",Becoming Nicole
4," RT @amazonbooks: ""Becoming Nicole"" is one of our favorite books of the month &amp; the year. @amyellisnutt talks about writing it: https://t.co… ",Becoming Nicole
4," RT @amazonbooks: ""Becoming Nicole"" is one of our favorite books of the month &amp; the year. @amyellisnutt talks about writing it: https://t.co… ",Becoming Nicole
4, Via @NPR: 'Becoming Nicole' Recounts One Family's Acceptance Of A Transgender Child https://t.co/j60o3doapx ,Becoming Nicole
4," ""Becoming Nicole"" is one of our favorite books of the month &amp; the year. @amyellisnutt talks about writing it: https://t.co/QhttXs9miO ",Becoming Nicole
2, \'Becoming Nicole\': A transgender child\'s story https://t.co/WNVbHbhPMw ,Becoming Nicole
2," They were born identical twin boys, but one always felt he was a girl https://t.co/zeOJqrd7t7 ",Becoming Nicole
4," RT @nytimesbooks: If you aren't moved by ""Becoming Nicole,"" there might be ""a lump of dark matter where your heart should be."" https://t.co… ",Becoming Nicole
2,:I want to win a SIX OF CROWS hardback via author @ingrid_seymour (INT) https://t.co/0gs8fu5fVI https://t.co/27ewuLYU3J ,Six of Crows
2,:Visit Fiery Reads and enter for a chance to win a signed copy of Six of Crows!@alexs_bookshelf https://t.co/jEMGlNpZGX ,Six of Crows
2,":@StalkintheBooks Under the radar, eh? Hmm. Finished SIX OF CROWS. Found the storytelling delightful as expected. Love Leigh's style. ",Six of Crows
4,:I just finished Six of Crows... @LBardugo when does the next one come out? ,Six of Crows
4,:@JMCwrites yes! I've only read the first Grisha book but LOVED Six of Crows. ,Six of Crows
2,":Come join the #BNEreads Twitter chat and enter to win the Grisha trilogy series, plus swag! https://t.co/RzdDEfGhfP ",Six of Crows
2,:I am starting Six Of Crows right now. Repeat. I am starting Six Of Crows right now. ,Six of Crows
2,:I want to win a SIX OF CROWS hardback via author @ingrid_seymour (INT) https://t.co/IAx1tpcdIS https://t.co/hALqAoQPWL ,Six of Crows
2,:I want to win a SIX OF CROWS hardback via author @ingrid_seymour (INT) https://t.co/rkxXGBvdOL https://t.co/l8nfoIhFjw ,Six of Crows
2,:I'm trying to read SIX OF CROWS w/o having read the other Grisha books but feel like I'm scrambling to understand the world. Stick with it? ,Six of Crows
2,":RT @Inthebookcorner: On page 377 of 465 of Six of Crows, by Leigh Bardugo: Okay I totally saw that coming. https://t.co/vyzXERYMDF ",Six of Crows
2,":72% done with Six of Crows, by Leigh Bardugo https://t.co/Xldt2sertH ",Six of Crows
2,:I want to win a SIX OF CROWS hardback via author @ingrid_seymour (INT) https://t.co/dA6JCPO1oR https://t.co/Mw8gQZlJOS ,Six of Crows
2,":RT @BookNerdAddict: Haven't read Six of Crows yet? Well, nows the time! Dec 6th -12th. Come joins us #BNEreads https://t.co/jBVT8Vndev ",Six of Crows
2,":On page 377 of 465 of Six of Crows, by Leigh Bardugo: Okay I totally saw that coming. https://t.co/vyzXERYMDF ",Six of Crows
2,":Come join the #BNEreads Twitter chat and enter to win the Grisha trilogy series, plus swag! https://t.co/L3ORUiw8Ok ",Six of Crows
2,:I fiNALLY FOUND SIX OF CROWS it's been out for mONTHS lmao omg ,Six of Crows
2,":@MemoAndradee six of crows, carry on y the iluminae? Hahah ",Six of Crows
4,:@LBardugo Showing the Six of Crows love post- #yallfest2015 https://t.co/6F8nyjzXNO ,Six of Crows
2,:Today: two family gatherings in spite of airplane-induced cold. Tomorrow: reading Six of Crows &amp; not leaving bed. https://t.co/HxfdNqxQzB ,Six of Crows
2,:Really hoping when six of crows arrives it had black pages BC I only bought the hardcover BC I liked the black pages ,Six of Crows
2,":On page 185 of 465 of Six of Crows, by Leigh Bardugo https://t.co/eD2TptIgsZ ",Six of Crows
4,:I really really really want to read Six of Crows but I can't because NO STORE NEAR ME IS SELLING IT ,Six of Crows
2,:December Read Along: Six of Crows by Leigh Bardugo https://t.co/YtHZuzunc8 ,Six of Crows
2,:@mizgillianberry Six Of Crows! ,Six of Crows
4,":After peering inside my deepest soul it's btwn Illuminae, Six of Crows, Winter, and Uprooted because WELL if we're calling it YA SO BE IT ",Six of Crows
4,:READ SIX OF CROWS!! the characters are so great i love all of them it's such a rarity ,Six of Crows
2,:@BiggieCharles and Six of Crows is about a group pulling off a heist. Fantasy mixed w Ocean's 11. ,Six of Crows
4,:reminder to read six of crows if you haven't yet ,Six of Crows
2,:I am almost halfway through Six of Crows and I want to know everything about all of the characters esp Matthias and Inej @LBardugo ,Six of Crows
2,:@seekellytse He's so swooonyyyyy. ?????? Omg have you read Six of Crows yet? ,Six of Crows
2,":RT @LBardugo: Six Crows, six weeks on the NYT best seller list ???????????? Thank you guys for showing Kaz's crew so much love ?? ? #SixofCrows #… ",Six of Crows
4,:On page 34 of Six of Crows by @LBardugo and already I'm jaw-droppingly impressed. This woman knows how to write. #sodamngood ,Six of Crows
2,:RT @happygansey: @kinghavilliard ,Six of Crows
2,tog,Six of Crows
2,books ,Six of Crows
2,livetweeting books ,Six of Crows
2,six of crows ,Six of Crows
2,good tweets ,Six of Crows
4,:I'm getting a very young elites vibe from the relationships in six of crows...anyone else??? ,Six of Crows
4,:SIX OF CROWS IS SO GOOD I HAVE SO MANY GRISHA FEELS AND JUST THIS IS SO GOOD @LBardugo ,Six of Crows
2,:@lovedmetoruins gee don't you have six of crows ,Six of Crows
2,:@MacKidsBooks hi! I just want to know if you guys are the ones publishing Six of Crows by the great Leigh Bardugo ,Six of Crows
2,:please read six of crows ,Six of Crows
2,":On page 103 of 465 of Six of Crows, by Leigh Bardugo https://t.co/zVyJcGf1L4 ",Six of Crows
2,:RT @happygansey: @kinghavilliard ,Six of Crows
2,tog,Six of Crows
2,books ,Six of Crows
2,livetweeting books ,Six of Crows
2,six of crows ,Six of Crows
2,good tweets ,Six of Crows
2,":RT @Inthebookcorner: On page 311 of 465 of Six of Crows, by Leigh Bardugo: ""The heart is an arrow. It demands ... https://t.co/i13kaCf6UL ",Six of Crows
2,:@kinghavilliard ,Six of Crows
2,tog,Six of Crows
2,books ,Six of Crows
2,livetweeting books ,Six of Crows
2,six of crows ,Six of Crows
2,good tweets ,Six of Crows
2,":Voted for ""Six of Crows"" in the Semifinal Round of the 2015 #GoodreadsChoice Awards https://t.co/OjlDKnyUr4 via goodreads ",Six of Crows
2,:Six of Crows review! https://t.co/ebkAFrsGA2 ,Six of Crows
2,:I want to win a SIX OF CROWS hardback via author @ingrid_seymour (INT) https://t.co/Mmlv8Q21YX https://t.co/8EMmw3x5jF ,Six of Crows
2,:FINISHED SIX OF CROWS ,Six of Crows
2,":On page 153 of 491 of Six of Crows, by Leigh Bardugo https://t.co/tbgQIUFN6X ",Six of Crows
2,":On page 273 of 465 of Six of Crows, by Leigh Bardugo https://t.co/LWnK1nseZr ",Six of Crows
2,:@kettlesoftea I can't decide whether or not this knocks Six of Crows out of first place for me. It's probably a tie. ,Six of Crows
2,":Come join the #BNEreads Twitter chat and enter to win the Grisha trilogy series, plus swag! https://t.co/jHIMiXv0T9 ",Six of Crows
2,:RT @StormyReads: @goodreads Six of Crows ,Six of Crows
2,:SIX OF CROWS https://t.co/VaoXuLa8tM ,Six of Crows
2,:Can't wait to see @LBardugo in a couple days!! Six of Crows is definitely one of my favorites ,Six of Crows
2,:@goodreads Six of Crows ,Six of Crows
4,":Finished SIX OF CROWS by @LBardugo and OHMYGOODNESS, what an amazing book! Gorgeous prose + fantastic characters + so much more! :D ",Six of Crows
2,":RT @LBardugo: Six Crows, six weeks on the NYT best seller list ???????????? Thank you guys for showing Kaz's crew so much love ?? ? #SixofCrows #… ",Six of Crows
2,:?? ifreakinlovebooks: Reading Six of Crows by @lbardugo with Malu https://t.co/pTwaPg1d7P ,Six of Crows
2,":On page 59 of 465 of Six of Crows, by Leigh Bardugo https://t.co/YASTAiQcKK ",Six of Crows
2,:RT @NinaDance09: @TatteredCover Six of Crows. Really enjoying it so far! #sundayreads ,Six of Crows
2,":@LBardugo 1/2 First, I finished Six of Crows and LOVED it. SO FUN! Thank you! Next, we need to turn in tentative calendar for schmoozes... ",Six of Crows
2,:I want to win a SIX OF CROWS hardback via author @ingrid_seymour (INT) https://t.co/jqzdjvLTSL https://t.co/3R8ByI3Knc ,Six of Crows
2,:@edwardgtalbot Six of Crows by Leigh Bardugo — review,Six of Crows
2,https://t.co/kPcQPEjrXm via theguardian ,Six of Crows
2,:I want to win a SIX OF CROWS hardback via author @ingrid_seymour (INT) https://t.co/jImVYss9FP https://t.co/1aKmg3k1Rt ,Six of Crows
4,:@TatteredCover Six of Crows. Really enjoying it so far! #sundayreads ,Six of Crows
2,:Marked as to-read: Six of Crows by Leigh Bardugo https://t.co/nkSplTgZXa ,Six of Crows
2,":On page 311 of 465 of Six of Crows, by Leigh Bardugo: ""The heart is an arrow. It demands ... https://t.co/i13kaCf6UL ",Six of Crows
2,:I want to win a SIX OF CROWS hardback via author @ingrid_seymour (INT) https://t.co/WLygfwvTnZ https://t.co/pRYa9PUaa7 ,Six of Crows
4,:Six of Crows by Leigh Bardugo. Great great book! Can't wait for the… https://t.co/iBLWIbPINB ,Six of Crows
2,:Did you miss this? : Review: SIX OF CROWS by Leigh Bardugo - Holy crap! Where should I... https://t.co/DmJsofdTHc ,Six of Crows
2,:I want to win a SIX OF CROWS hardback via author @ingrid_seymour (INT) https://t.co/PJDgGu5V25 https://t.co/OyJayRSAnA ,Six of Crows
4,:I would just like to buy six of crows physical copy because it's that pretty but that would be a waste since I already have it ,Six of Crows
2,:I want to win a SIX OF CROWS hardback via author @ingrid_seymour (INT) :) https://t.co/UfjD48VAId https://t.co/89iN5yx2iz ,Six of Crows
4,:@LBardugo I want them to learn how great Six of Crows is. I'm srsly inlove with the book xD. I can't wait for Crooked Kingdom. ?? ,Six of Crows
2,":estou lendo ""Six Of Crows"" https://t.co/EYvMZ1UTKO #skoob ",Six of Crows
2,:I want to win a SIX OF CROWS hardback via author @ingrid_seymour (INT) https://t.co/eqOgX7w0Cb https://t.co/2RULcLxK25 ,Six of Crows
4,:Six of Crows is literally so good! I think I might be able to finish it today! ,Six of Crows
4,:Hello @LBardugo i just want to say how much i loved Six of Crows that im planning giving it to my booknerd friends as a christmas gift xD ,Six of Crows
2,:me typing this fine morning:,Six of Crows
2,means: Six of Crows,Six of Crows
2,types: Six of Corsi ,Six of Crows
2,:RT @alexs_bookshelf: Come read my review + enter the giveaway for a SIGNED copy of Six of Crows by .@LBardugo!! (PLEASE RT!!) https://t.co/… ,Six of Crows
2,":On page 160 of 465 of Six of Crows, by Leigh Bardugo: I'm loving it so far! https://t.co/9FHYvljbHa ",Six of Crows
2, Enter to #win an ARC of Soundless by Richelle Mead #giveaway @Winterhavenbook https://t.co/96IRigfd9p ,Soundless
2, Enter to #win an ARC of Soundless by Richelle Mead #giveaway @Winterhavenbook https://t.co/SrX1rERimd ,Soundless
2," On page 23 of 272 of Soundless, by Richelle Mead https://t.co/J7hyh0qGHA ",Soundless
2, Enter to  an ARC of Soundless by Richelle Mead    https://t.co/3z00lGxGJD ,Soundless
2, Enter to #win an ARC of Soundless by Richelle Mead #giveaway @Winterhavenbook https://t.co/ZVoLjVo5E6 ,Soundless
4, I'm #reading Soundless by Richelle Mead https://t.co/7LdPMvnV1Z ,Soundless
2, Enter to #win an ARC of Soundless by Richelle Mead #giveaway @Winterhavenbook https://t.co/t0Bo826d6V ,Soundless
0, 2 of 5 stars to Soundless by Richelle Mead https://t.co/z8BWEoeVbR ,Soundless
2," On page 149 of 272 of Soundless, by Richelle Mead https://t.co/b7lsusJYVN ",Soundless
2, Enter to #win an ARC of Soundless by Richelle Mead #giveaway @Winterhavenbook https://t.co/O0sZ2qCxy6 ,Soundless
4, My #owlcrate ! SOUNDLESS by richelle mead looks really cool. It's about Chinese folklore! … https://t.co/Qb0bcIcRY8 https://t.co/024hfbWTEF ,Soundless
2, Marked as to-read: Soundless by Richelle Mead https://t.co/slW4rEJ2ub ,Soundless
2, Enter to #win an ARC of Soundless by Richelle Mead #giveaway @Winterhavenbook https://t.co/v4jcLTt6Xo ,Soundless
2, Enter to #win an ARC of Soundless by Richelle Mead #giveaway @Winterhavenbook https://t.co/mqW5v81UJt ,Soundless
4," “Throughout it all, my heart has only ever had one person’s name on it - yours.” - Richelle Mead, Soundless... https://t.co/0hFQZLvBo0 ",Soundless
2," Finished with Soundless, by Richelle Mead https://t.co/smG6GNtnlf ",Soundless
2," On page 99 of 272 of Soundless, by Richelle Mead https://t.co/lq1Z0s27kf ",Soundless
2, Marked as to-read: Soundless by Richelle Mead https://t.co/6VowXqrvpz ,Soundless
2," On page 50 of 272 of Soundless, by Richelle Mead https://t.co/CNAbIiRTWh ",Soundless
4, Marked as to-read: Soundless by Richelle Mead https://t.co/pPV2ArKoGk ,Soundless
2," On page 49 of 272 of Soundless, by Richelle Mead https://t.co/ZOOWVyfhol ",Soundless
2, ?? the-knights-who-say-book: Signed copy of Soundless by Richelle Mead! https://t.co/6SOqDdwN2L ,Soundless
2," On page 133 of 272 of Soundless, by Richelle Mead https://t.co/hUNssxEY2g ",Soundless
2," On page 166 of 272 of Soundless, by Richelle Mead: Hmmm . . . the pace has slowed down a ... https://t.co/0yTgAbKntA ",Soundless
2, Win a copy of Soundless by Richelle Mead at https://t.co/hIfLfvLIzm!  https://t.co/nqwIBQkB3M ,Soundless
2, DNF Q&amp;A: Fantasy Standalone Falls Flat https://t.co/tAmAGAZd8K,Soundless
2, #TWBIArchive ,Soundless
2, 3 of 5 stars to Soundless by Richelle Mead https://t.co/WC5FNs95Zj ,Soundless
4, Read This Book https://t.co/VD4tYslstj #1094 #1: Soundless https://t.co/qqxo7Lt20L ,Soundless
2," RT @katiesbookblog: On page 49 of 272 of Soundless, by Richelle Mead https://t.co/8C410zPLZk ",Soundless
2," On page 49 of 272 of Soundless, by Richelle Mead https://t.co/8C410zPLZk ",Soundless
2, idek if im gonna read soundless i dont want my love for richelle to be spotty ,Soundless
4, ooooh richelle mead’s soundless looks really good too. ,Soundless
0," @ColleenHouck super curious to know if you have read ""Soundless"" by Richelle Mead and what someone familiar with the Deaf community thinks! ",Soundless
2, Read this Book: https://t.co/ppp9t3fNNc #5888 #1: Soundless https://t.co/ysUOQCkLkm ,Soundless
2," On page 132 of 272 of Soundless, by Richelle Mead: It is interesting. We are down the mou... https://t.co/5F1fd4W6Fi ",Soundless
2, Added Richelle Mead's new Soundless to my own #Myths&amp;Legends shelf + some of @owlcrate November box… https://t.co/9oIZA5V641 ,Soundless
2," On page 36 of 272 of Soundless, by Richelle Mead: Got to the point where our main charact... https://t.co/ZeUsr641N7 ",Soundless
2," On page 101 of 272 of Soundless, by Richelle Mead https://t.co/tiDputpuEm ",Soundless
2," On page 22 of 272 of Soundless, by Richelle Mead: The book is good but I am not wowed or ... https://t.co/Gn4cAm5003 ",Soundless
2, RT @BrinGuivera: Enter to win a brand new copy of Soundless by Richelle Mead from @lovelylitblog! https://t.co/0RNtaPzUWe https://t.co/QftD… ,Soundless
2, Enter to win a brand new copy of Soundless by Richelle Mead from @lovelylitblog! https://t.co/0RNtaPzUWe https://t.co/QftDUvKrbF ,Soundless
2," On page 45 of 272 of Soundless, by Richelle Mead https://t.co/ofCxSy5tb0 ",Soundless
2, Read This Book https://t.co/FuwXNhr7Pk #7808 #1: Soundless https://t.co/QHubDtKej8 ,Soundless
0, 2 of 5 stars to Soundless by Richelle Mead https://t.co/QFF3fxyB8K ,Soundless
4, 4 of 5 stars to Soundless by Richelle Mead https://t.co/bJihqYlgfc ,Soundless
2, Read This Book https://t.co/ZGIoO5hYVw #7059 #7: Soundless https://t.co/XQz0en1z95 ,Soundless
2, Read This Book https://t.co/Qaufq5Dt5i #6196 #1: Soundless https://t.co/sfn5setDcI ,Soundless
2, Win a copy of Soundless by Richelle Mead at https://t.co/GUfK6qK0ta!  https://t.co/qU782wfCTN ,Soundless
2, Win a copy of Soundless by Richelle Mead at https://t.co/aMprFeQsH3!  https://t.co/AZ6aKdR1Bb ,Soundless
2," On page 48 of 272 of Soundless, by Richelle Mead: This is so interesting so far! Richelle... https://t.co/lXulgvG0FB ",Soundless
2, Win a copy of Soundless by Richelle Mead at https://t.co/k5wOMjOcl8!  https://t.co/zqWtIBtzjb ,Soundless
2, Read This Book https://t.co/xmGJto4ayM #2199 #4: Soundless https://t.co/WRR2ykknUj ,Soundless
2," On page 14 of 272 of Soundless, by Richelle Mead https://t.co/CPVbzVFWs1 ",Soundless
2, I'm #reading Soundless by Richelle Mead https://t.co/aSbwDNPkJ5 ,Soundless
2, Win a copy of Soundless by Richelle Mead at https://t.co/BXtS27dAYF!  https://t.co/Dm1f8F5WtT ,Soundless
2, Read This Book https://t.co/BBrDlDMFki #5062 #1: Soundless https://t.co/xVG2dZXX4g ,Soundless
2," On page 114 of 272 of Soundless, by Richelle Mead https://t.co/wRloJlwdeW ",Soundless
4," ?? penguinteen: One of the coolest things about Richelle Mead’s SOUNDLESS, which is set in a world... https://t.co/rFVwrOQybV ",Soundless
4," ?? penguinteen: One of the coolest things about Richelle Mead’s SOUNDLESS, which is set in a world... https://t.co/Ze0fvsp4te ",Soundless
2, Read This Book https://t.co/GHRKzQuslS #0289 #3: Soundless https://t.co/ime1bQA1L3 ,Soundless
2," In honour of #PTALive tonight, here's my review of Soundless by Richelle Mead. Hope you all had fun :) https://t.co/KiKUDPbLOC ",Soundless
2, Read This Book https://t.co/SfdeSVLBJS #4599 #1: Soundless https://t.co/0LZmO0JPi6 ,Soundless
2, My current read is Soundless by Richelle Mead #amreading #bookstagram #inmymail https://t.co/IvhMBdut77 ,Soundless
2, Win a copy of Soundless by Richelle Mead at https://t.co/CritKkXQ2q!  https://t.co/8GBTihHOfq ,Soundless
2, Read This Book https://t.co/ibGMUo0I38 #9928 #3: Soundless https://t.co/TJWBBfFZUw ,Soundless
2, Marked as to-read: Soundless by Richelle Mead https://t.co/KgG2PvGsns ,Soundless
2," On page 60 of 272 of Soundless, by Richelle Mead: I feel like something is about to happe... https://t.co/ZsQGiQBgkX ",Soundless
2," On page 33 of 272 of Soundless, by Richelle Mead https://t.co/wScmZPl84u ",Soundless
2, Marked as to-read: Soundless by Richelle Mead https://t.co/71jEwVMxQu ,Soundless
4, RT @Booknut101: My thoughts on the masterpiece that is Soundless by Richelle Mead: https://t.co/ZxscFF4Afi #5Stars #2015Fave https://t.co/B… ,Soundless
4, My thoughts on the masterpiece that is Soundless by Richelle Mead: https://t.co/ZxscFF4Afi #5Stars #2015Fave https://t.co/BuyHGbE8Nc ,Soundless
4, My November @owlcrate! I loved this month's box!,Soundless
4,I had seen Soundless by Richelle Mead around and… https://t.co/OnJ5GwcWAF ,Soundless
2, Read this Book https://t.co/RnrXCgtO1C #2122 #1: Soundless https://t.co/quw4X8FgaQ ,Soundless
2, Read This Book https://t.co/Pt2NT0BbGm #0787 #1: Soundless https://t.co/ogCGL6GwJg ,Soundless
2, Richelle Mead draws inspiration from Chinese folklore for her new standalone fantasy. https://t.co/OlYE6WDfae https://t.co/2QPzBO8ebV ,Soundless
2, Enter to  an ARC of Soundless by Richelle Mead    https://t.co/cBtHJHwj19 ,Soundless
4, 4 of 5 stars to Soundless by Richelle Mead https://t.co/D7SAP21Usc ,Soundless
2," On page 112 of 272 of Soundless, by Richelle Mead https://t.co/k2IV9NiayO ",Soundless
2, ?? missdarcy87: Currently reading ?? SOUNDLESS by Richelle Mead https://t.co/A8VYimTbUo ,Soundless
2," ?? #amreading ""Soundless"" by Richelle Mead. Fantastic so far! Read it if you get a chance! ???????????? ",Soundless
2, Come get this beauty! I'm hosting an INTL giveaway for a copy of Soundless by Richelle Mead https://t.co/rox1OP27Rn https://t.co/HOCd0BjkV9 ,Soundless
2, Read This Book https://t.co/Fni07lyX6q #0287 #1: Soundless https://t.co/OsqGnojZ6U ,Soundless
2," On page 149 of 272 of Soundless, by Richelle Mead https://t.co/53xWsKA5Jc ",Soundless
2, Read This Book https://t.co/FuwXNhr7Pk #0808 #1: Soundless https://t.co/lyN6UoQLoj ,Soundless
2, Read This Book https://t.co/sJVxLexrlw #3165 #6: Soundless https://t.co/ly8mYhBmOZ ,Soundless
2, Soundless by Richelle Mead https://t.co/37B2zOx04S on @bloglovin ,Soundless
0, 1 of 5 stars to Soundless by Richelle Mead https://t.co/GGv3U2bith ,Soundless
2," Finished with Soundless, by Richelle Mead: &gt;_________________&gt; https://t.co/t4IkZeOszD ",Soundless
2," On page 42 of 272 of Soundless, by Richelle Mead: The poor guy is screaming because his f... https://t.co/vZNQePnecS ",Soundless
2, Win a copy of Soundless by Richelle Mead at https://t.co/M5ae7MnEvl!  https://t.co/PqTEVi6qnK ,Soundless
2," On page 10 of 272 of Soundless, by Richelle Mead: So there are three castes in this socie... https://t.co/6URZajSLly ",Soundless
2, Read This Book https://t.co/BMC9AGnVoU #0013 #1: Soundless https://t.co/fTDLF2k1J5 ,Soundless
4, 5 of 5 stars to Soundless by Richelle Mead https://t.co/rk4xroFDOS ,Soundless
2, Enter to win a brand new copy of Soundless by Richelle Mead from @lovelylitblog! https://t.co/AqYdFekRNs https://t.co/cxUQlXVss7 ,Soundless
4, 3 of 5 stars to Soundless by Richelle Mead https://t.co/Lb4j3cGNPs ,Soundless
2, Review: Soundless by Richelle Mead https://t.co/Wbis1AOj6S via @brandileigh2003 ,Soundless
2, Read This Book https://t.co/aoEiKAOsMi #7156 #9: Soundless https://t.co/TqEMZG5UgJ ,Soundless
2, Read This Book https://t.co/O3zvV527Vj #9693 #1: Soundless https://t.co/w1wJSyToHB ,Soundless
2, Read This Book https://t.co/NOiObuP5mz #3844 #1: Soundless https://t.co/HeSfa6yked ,Soundless
2, I'm giving away a copy of Soundless by Richelle Mead! Come enter to win this beautiful book https://t.co/rox1OP27Rn https://t.co/q9spXJPQIz ,Soundless
2, Win a copy of Soundless by Richelle Mead at https://t.co/B6KJzeycJ3!  https://t.co/bnAOT86VdG ,Soundless
2," On page 8 of 272 of Soundless, by Richelle Mead https://t.co/IyMuILWUJ1 ",Soundless
4, I liked a @YouTube video from @rileymarie1196 https://t.co/beV5QKfSq1 Soundless by Richelle Mead | Non-Spoiler Review ,Soundless
2, Read This Book https://t.co/aziBcehwK2 #9809 #2: Soundless https://t.co/bzZOmrAStL ,Soundless
2, I kinda wish I hadn't read #Soundless by Richelle Mead for #4CornersBC. https://t.co/3ijpmzBmS5 https://t.co/ykkk9lVhuw ,Soundless
4, 3 of 5 stars to Soundless by Richelle Mead https://t.co/mLgF0UTiKx ,Soundless
4, 3 of 5 stars to Soundless by Richelle Mead https://t.co/nt4JvwQpHO ,Soundless
4, THE BEST #Book here : https://t.co/rCu9QxRHhD #1674 #4: Soundless #reading #Read https://t.co/GY8nFNOA1O ,Soundless
2, Read This Book https://t.co/2gClmbLkLn #2629 #10: Soundless https://t.co/pzTcsMQrjS ,Soundless
4, I liked a @YouTube video from @rileymarie1196 https://t.co/kol96F1fxk Soundless by Richelle Mead | Non-Spoiler Review ,Soundless
2, Enter to #win an ARC of Soundless by Richelle Mead #giveaway @Winterhavenbook https://t.co/v93ZWAms6P ,Soundless
2, Read This Book https://t.co/9E94b6tHMl #1894 #1: Soundless https://t.co/mAAYcKTCDp ,Soundless
2, Enter to #win an ARC of Soundless by Richelle Mead #giveaway @Winterhavenbook https://t.co/J1qyhpzkJI ,Soundless
2, Marked as to-read: Soundless by Richelle Mead https://t.co/19Fu3PPiy8 ,Soundless
2, Read This Book https://t.co/r0xHvBEZSA #2105 #4: Soundless https://t.co/OTJ6fjyN11 ,Soundless
2," 62% done with Soundless, by Richelle Mead https://t.co/qV5roByL2I ",Soundless
4," I'm so happy with my first @owlcrate ! Inside: #soundless by Richelle Mead, some amazing tea from… https://t.co/2RrGihsFCY ",Soundless
4, Marked as to-read: Soundless by Richelle Mead https://t.co/KYiENbeHoE ,Soundless
4, I liked a @YouTube video from @rileymarie1196 https://t.co/2L5RLgZ0aM Soundless by Richelle Mead | Non-Spoiler Review ,Soundless
4, I liked a @YouTube video from @rileymarie1196 https://t.co/muNxU0ZGvA Soundless by Richelle Mead | Non-Spoiler Review ,Soundless
2, Enter to  an ARC of Soundless by Richelle Mead    https://t.co/6eTkjG1KFx ,Soundless
2, Enter to #win an ARC of Soundless by Richelle Mead #giveaway @Winterhavenbook https://t.co/7W6ETVmzjV ,Soundless
2, RT @fuelldbyfiction: Enter to win a brand new copy of Soundless by Richelle Mead from @lovelylitblog! https://t.co/deQK4IhHXj https://t.co/… ,Soundless
2, Enter to win a brand new copy of Soundless by Richelle Mead from @lovelylitblog! https://t.co/deQK4IhHXj https://t.co/RHtQ1Ay0aU ,Soundless
4, 4 of 5 stars to Soundless by Richelle Mead https://t.co/XiqmMhOxDj ,Soundless
2, I'm giving away a copy of Soundless by Richelle Mead! Come enter to win: https://t.co/rox1OP27Rn https://t.co/ldcZvssZl0 ,Soundless
2," ?? Owl Crate November 2015 box: Myths and Legends Included Soundless by Richelle Mead, Snow White apple... https://t.co/q4KtpTHD1q ",Soundless
2, Owl Crate Unboxed: November's Myths and Legends -- I'm giving away Soundless by Richelle… https://t.co/gYuKFukTEL https://t.co/HMP3u2YqFR ,Soundless
2, Owl Crate Unboxed: November's Myths and Legends -- I'm giving away Soundless by Richelle… https://t.co/mWCvScMKSO https://t.co/LHxPmRbbFF ,Soundless
2, Read This Book https://t.co/QyPYzoWMZb #0813 #1: Soundless https://t.co/8GPOKBK5CG ,Soundless
2, RT @booksandladders: Yesterday I talked all things #Soundless with #4CornersBC and then posted my review! See it here: https://t.co/kq7iYyL… ,Soundless
2, Yesterday I talked all things #Soundless with #4CornersBC and then posted my review! See it here: https://t.co/kq7iYyLalU ,Soundless
2, Read This Book https://t.co/7KOIfgW55l #5603 #1: Soundless https://t.co/hNkLz4y909 ,Soundless
2, Soundless by Richelle Mead ARC {2.5 Stars} https://t.co/pUXdfpXE0c (Archives) ,Soundless
2, Read This Book https://t.co/okpWKodB5R #2672 #1: Soundless https://t.co/rlVN3gGRBk ,Soundless
2, Read This Book https://t.co/y2YuosjZ8t #3629 #1: Soundless https://t.co/7jVqkZ7SoQ ,Soundless
2, I liked a @YouTube video from @rileymarie1196 https://t.co/1XlNXiBpZP Soundless by Richelle Mead | Non-Spoiler Review ,Soundless
2, I liked a @YouTube video from @rileymarie1196 https://t.co/9tamfJPe83 Soundless by Richelle Mead | Non-Spoiler Review ,Soundless
2, Enter to #win an ARC of Soundless by Richelle Mead #giveaway @Winterhavenbook https://t.co/SrX1rF8TdL ,Soundless
2, Read This Book https://t.co/VxR8AW9fm7 #9799 #1: Soundless https://t.co/kiyp70KYwz ,Soundless
4, 3 of 5 stars to Soundless by Richelle Mead https://t.co/OIuZ1z2Bls ,Soundless
2, Read &gt;&gt; https://t.co/ydnupZJJjp #9767 #4: Soundless https://t.co/zrM2hMYoFl ,Soundless
4, 4 of 5 stars to Soundless by Richelle Mead https://t.co/oPr4eZWi9Z ,Soundless
2, RT @BE_44_DS: Read : https://t.co/Kjugbcr7SH #1594 #2: Soundless #Book #Reading https://t.co/A7BgfZU4Q8 ,Soundless
2, Read : https://t.co/Kjugbcr7SH #1594 #2: Soundless #Book #Reading https://t.co/A7BgfZU4Q8 ,Soundless
2, THE BEST #Book here : https://t.co/CLmXRRQ8oL #1775 #1: Soundless #reading #Read https://t.co/t9RIs2lvAS ,Soundless
2, Read this book https://t.co/hCRkXaJQX8 #1775 #1: Soundless https://t.co/HzeeFqcxaU ,Soundless
4, My spoilerific review of Soundless by Richelle Mead is up. https://t.co/3ijpmzBmS5 ,Soundless
0, 2 of 5 stars to Soundless by Richelle Mead https://t.co/4u4EX4PC7E ,Soundless
2, #owlcrateunboxing #owlcrate #mythsandlegends @owlcrate Soundless by Richelle Mead. Vampire academy… https://t.co/BhwowZSb9X ,Soundless
2, COOL GIVEAWAY CALLED Enter to  an ARC of Soundless by Richelle Mead    https://t.co/ZzAjtow3e0 ,Soundless
4, RT @yabookscentral: Giveaway: Soundless by Richelle Mead (US Only) - Need another sweeping epic fantasy to add to your TBR? So... https://t… ,Soundless
0, 2 of 5 stars to Soundless by Richelle Mead https://t.co/jxzKWTk2ff ,Soundless
2, RT @yabookscentral: Giveaway: Soundless by Richelle Mead (US Only) - Need another sweeping epic fantasy to add to your TBR? So... https://t… ,Soundless
2, Win a copy of Soundless by Richelle Mead at https://t.co/lE5nXBddqI!  https://t.co/J33g8hH26s ,Soundless
2, Win a copy of Soundless by Richelle Mead at https://t.co/Ykj8LHF2vJ!  https://t.co/DfCvZhU1ZY ,Soundless
2, Win a copy of Soundless by Richelle Mead at https://t.co/PDdeZH5aUU!  https://t.co/JSXtPGxtNO ,Soundless
4, Giveaway: Soundless by Richelle Mead (US Only) - Need another sweeping epic fantasy to add to your TBR? So... https://t.co/iuyQFXQM5R ,Soundless
4, My #owlcrate this month...with Soundless from Richelle Mead! Which included #tea that I can't wait to… https://t.co/0mUehU8Lr0 ,Soundless
4, Soundless by Richelle Mead actually sounds really good. The concept got me ??and since its a standalone I'd actually consider getting it soon ,Soundless
2, Read This Book https://t.co/AUw4t7f0wk #0343 #1: Soundless https://t.co/QUTOCuCtRR ,Soundless
